"kingdom","phylum","class","order","family","genus","A","B","C"
"Bacteria","Tenericutes","Mollicutes","Acholeplasmatales","Acholeplasmataceae","'Solanum",0,0,0
"Bacteria","Firmicutes","Clostridia","Clostridiales","Clostridiaceae","02d06",0,0,0
"Bacteria","Firmicutes","Clostridia","Clostridiales","Tissierellaceae","1-68",0,0,0
"Bacteria","Firmicutes","Bacilli","Lactobacillales","Aerococcaceae","Abiotrophia",0,0,0
"Bacteria","Proteobacteria","Alphaproteobacteria","Rickettsiales","mitochondria","Acanthamoeba",0,0,0
"Bacteria","Firmicutes","Clostridia","Clostridiales","Veillonellaceae","Acidaminococcus",0,0,0
"Bacteria","Proteobacteria","Gammaproteobacteria","Pseudomonadales","Moraxellaceae","Acinetobacter",-1.95996398454005,0,0
"Bacteria","Actinobacteria","Actinobacteria","Actinomycetales","Actinomycetaceae","Actinomyces",-1.95996398454005,0,0
"Bacteria","Actinobacteria","Actinobacteria","Actinomycetales","Actinomycetaceae","Actinomycetaceae",0,0,0
"Bacteria","Actinobacteria","Coriobacteriia","Coriobacteriales","Coriobacteriaceae","Adlercreutzia",1.95996398454005,0,0
"Bacteria","Firmicutes","Bacilli","Lactobacillales","Aerococcaceae","Aerococcus",0,0,0
"Bacteria","Proteobacteria","Gammaproteobacteria","Aeromonadales","Aeromonadaceae","Aeromonadaceae",0,0,0
"Bacteria","Proteobacteria","Gammaproteobacteria","Pasteurellales","Pasteurellaceae","Aggregatibacter",0,0,0
"Bacteria","Verrucomicrobia","Verrucomicrobiae","Verrucomicrobiales","Verrucomicrobiaceae","Akkermansia",-0.351643782026032,0,1.95996398454005
"Bacteria","Proteobacteria","Betaproteobacteria","Burkholderiales","Comamonadaceae","Alicycliphilus",0,0,0
"Bacteria","Bacteroidetes","Bacteroidia","Bacteroidales","Rikenellaceae","Alistipes",0,0,0
"Bacteria","Firmicutes","Erysipelotrichi","Erysipelotrichales","Erysipelotrichaceae","Allobaculum",0,0,0
"Bacteria","Proteobacteria","Gammaproteobacteria","Aeromonadales","Succinivibrionaceae","Anaerobiospirillum",0,0,0
"Bacteria","Firmicutes","Clostridia","Clostridiales","Tissierellaceae","Anaerococcus",0,0,0
"Bacteria","Firmicutes","Clostridia","Clostridiales","Ruminococcaceae","Anaerofilum",1.95996398454005,0,0
"Bacteria","Firmicutes","Clostridia","Clostridiales","Eubacteriaceae","Anaerofustis",0,0,0
"Bacteria","Tenericutes","Mollicutes","Anaeroplasmatales","Anaeroplasmataceae","Anaeroplasma",0,0,0
"Bacteria","Firmicutes","Erysipelotrichi","Erysipelotrichales","Erysipelotrichaceae","Anaerorhabdus",0,0,0
"Bacteria","Firmicutes","Clostridia","Clostridiales","Lachnospiraceae","Anaerostipes",1.95996398454005,0,0
"Bacteria","Firmicutes","Clostridia","Clostridiales","Ruminococcaceae","Anaerotruncus",1.95996398454005,0,0
"Bacteria","Proteobacteria","Epsilonproteobacteria","Campylobacterales","Campylobacteraceae","Arcobacter",0,0,0
"Bacteria","Actinobacteria","Coriobacteriia","Coriobacteriales","Coriobacteriaceae","Atopobium",1.95996398454005,0,0
"Bacteria","Lentisphaerae","unclassified Lentisphaerae","Bacteria","Bacteria","Bacteria",0,0,0
"Bacteria","Bacteroidetes","Bacteroidia","Bacteroidales","Bacteroidaceae","Bacteroides",0,-3.42671220939862,0
"Bacteria","Bacteroidetes","Bacteroidia","Bacteroidales","Barnesiellaceae","Barnesiella",-2.96773792534179,0,0
"Bacteria","Bacteroidetes","Bacteroidia","Bacteroidales","Barnesiellaceae","Barnesiellaceae",-2.96773792534179,0,0
"Bacteria","Actinobacteria","Actinobacteria","Bifidobacteriales","Bifidobacteriaceae","Bifidobacterium",0,0,0
"Bacteria","Proteobacteria","Deltaproteobacteria","Desulfovibrionales","Desulfovibrionaceae","Bilophila",0,-1.95996398454005,0
"Bacteria","Firmicutes","Clostridia","Clostridiales","Lachnospiraceae","Blautia",1.95996398454005,0,0
"Bacteria","Actinobacteria","Actinobacteria","Actinomycetales","Dermabacteraceae","Brachybacterium",0,0,0
"Bacteria","Firmicutes","Erysipelotrichi","Erysipelotrichales","Erysipelotrichaceae","Bulleidia",0,0,0
"Bacteria","Firmicutes","Clostridia","Clostridiales","Ruminococcaceae","Butyricicoccus",1.95996398454005,0,0
"Bacteria","Bacteroidetes","Bacteroidia","Bacteroidales","Odoribacteraceae","Butyricimonas",-1.96859166918659,0,0
"Bacteria","Firmicutes","Clostridia","Clostridiales","Lachnospiraceae","Butyrivibrio",1.95996398454005,0,0
"Bacteria","Proteobacteria","Epsilonproteobacteria","Campylobacterales","Campylobacteraceae","Campylobacter",0,0,0
"Bacteria","Proteobacteria","Betaproteobacteria","Tremblayales","Tremblayaceae","Carsonella",0,0,0
"Bacteria","Cyanobacteria","Chloroplast","Chlorophyta","Chlamydomonadaceae","Carteria",0,0,0
"Bacteria","Firmicutes","Erysipelotrichi","Erysipelotrichales","Erysipelotrichaceae","Catenibacterium",0,0,0
"Bacteria","Verrucomicrobia","Opitutae","Cerasicoccales","Cerasicoccaceae","Cerasicoccaceae",1.95996398454005,0,0
"Bacteria","Firmicutes","Clostridia","Clostridiales","Christensenellaceae","Christensenella",0,0,0
"Bacteria","Firmicutes","Clostridia","Clostridiales","Christensenellaceae","Christensenellaceae",0,0,0
"Bacteria","Proteobacteria","Alphaproteobacteria","Rickettsiales","mitochondria","Cinnamomum",0,0,0
"Bacteria","Proteobacteria","Gammaproteobacteria","Enterobacteriales","Enterobacteriaceae","Citrobacter",-2.05374891063182,0,0
"Bacteria","Synergistetes","Synergistia","Synergistales","Synergistaceae","Cloacibacillus",0,0,0
"Bacteria","Firmicutes","Clostridia","Clostridiales","Clostridiaceae","Clostridiaceae",0,0,0
"Bacteria","Firmicutes","Clostridia","Clostridiales","Clostridiaceae","Clostridium",-2.77180764869935,0,0
"Bacteria","Firmicutes","Clostridia","Clostridiales","Peptostreptococcaceae","Clostridium",-2.77180764869935,0,0
"Bacteria","Actinobacteria","Coriobacteriia","Coriobacteriales","Coriobacteriaceae","Collinsella",1.95996398454005,0,0
"Bacteria","Firmicutes","Erysipelotrichi","Erysipelotrichales","Erysipelotrichaceae","Coprobacillus",0,0,0
"Bacteria","Firmicutes","Clostridia","Clostridiales","Lachnospiraceae","Coprococcus",1.95996398454005,0,0
"Bacteria","Actinobacteria","Coriobacteriia","Coriobacteriales","Coriobacteriaceae","Coriobacteriaceae",1.95996398454005,0,0
"Bacteria","Actinobacteria","Coriobacteriia","Coriobacteriales","Coriobacteriaceae","Coriobacterium",1.95996398454005,0,0
"Bacteria","Actinobacteria","Actinobacteria","Actinomycetales","Corynebacteriaceae","Corynebacterium",0,0,0
"Bacteria","Proteobacteria","Alphaproteobacteria","Rickettsiales","mitochondria","Cyanophora",0,0,0
"Bacteria","Bacteroidetes","Sphingobacteriia","Sphingobacteriales","Sphingobacteriaceae","Cytophagales",0,0,0
"Bacteria","Firmicutes","Clostridia","Clostridiales","Lachnospiraceae","Defluviitalea",1.95996398454005,0,0
"Bacteria","Firmicutes","Clostridia","Clostridiales","Dehalobacteriaceae","Dehalobacteriaceae",0,0,0
"Bacteria","Firmicutes","Clostridia","Clostridiales","Dehalobacteriaceae","Dehalobacterium",0,0,0
"Bacteria","Proteobacteria","Betaproteobacteria","Burkholderiales","Comamonadaceae","Delftia",0,0,0
"Bacteria","Proteobacteria","Deltaproteobacteria","Desulfovibrionales","Desulfovibrionaceae","Desulfovibrio",0,0,0
"Bacteria","Proteobacteria","Deltaproteobacteria","Desulfovibrionales","Desulfovibrionaceae","Desulfovibrionaceae",0,0,0
"Bacteria","Firmicutes","Clostridia","Clostridiales","Peptococcaceae","Desulfurispora",0,0,0
"Bacteria","Firmicutes","Clostridia","Clostridiales","Veillonellaceae","Dialister",0,0,0
"Bacteria","Proteobacteria","Alphaproteobacteria","Rickettsiales","mitochondria","Dictyostelium",0,0,0
"Bacteria","Firmicutes","Clostridia","Clostridiales","Lachnospiraceae","Dorea",0,0,0
"Bacteria","Bacteroidetes","Bacteroidia","Bacteroidales","Porphyromonadaceae","Dysgonomonas",0,0,0
"Bacteria","Actinobacteria","Coriobacteriia","Coriobacteriales","Coriobacteriaceae","Eggerthella",1.95996398454005,0,0
"Bacteria","Proteobacteria","Betaproteobacteria","Neisseriales","Neisseriaceae","Eikenella",0,0,0
"Bacteria","Proteobacteria","Gammaproteobacteria","Pseudomonadales","Moraxellaceae","Enhydrobacter",-1.95996398454005,0,0
"Bacteria","Proteobacteria","Gammaproteobacteria","Enterobacteriales","Enterobacteriaceae","Enterobacter",-2.05374891063182,0,0
"Bacteria","Firmicutes","Clostridia","Clostridiales","Lachnospiraceae","Enterocloster",1.95996398454005,0,0
"Bacteria","Firmicutes","Bacilli","Lactobacillales","Enterococcaceae","Enterococcaceae",0,0,0
"Bacteria","Firmicutes","Clostridia","Clostridiales","Lachnospiraceae","Epulopiscium",1.95996398454005,0,0
"Bacteria","Firmicutes","Erysipelotrichi","Erysipelotrichales","Erysipelotrichaceae","Erysipelotrichaceae",0,0,0
"Bacteria","Proteobacteria","Gammaproteobacteria","Enterobacteriales","Enterobacteriaceae","Escherichia",-2.05374891063182,0,0
"Bacteria","Firmicutes","Clostridia","Clostridiales","EtOH8","EtOH8",0,0,0
"Bacteria","Firmicutes","Erysipelotrichi","Erysipelotrichales","Erysipelotrichaceae","Eubacterium",0,0,0
"Bacteria","Firmicutes","Clostridia","Clostridiales","Ruminococcaceae","Faecalibacterium",1.95996398454005,1.95996398454005,0
"Bacteria","Firmicutes","Clostridia","Clostridiales","Tissierellaceae","Finegoldia",0,0,0
"Bacteria","Fusobacteria","Fusobacteriia","Fusobacteriales","Fusobacteriaceae","Fusobacteriaceae",0,0,0
"Bacteria","Fusobacteria","Fusobacteriia","Fusobacteriales","Fusobacteriaceae","Fusobacterium",-1.95996398454005,0,0
"Bacteria","Actinobacteria","Actinobacteria","Bifidobacteriales","Bifidobacteriaceae","Gardnerella",0,0,0
"Bacteria","Firmicutes","Bacilli","Gemellales","Gemellaceae","Gemellaceae",0,0,0
"Bacteria","Firmicutes","Clostridia","Clostridiales","Ruminococcaceae","Gemmiger",1.95996398454005,0,0
"Bacteria","Firmicutes","Bacilli","Lactobacillales","Carnobacteriaceae","Granulicatella",0,0,0
"Bacteria","Proteobacteria","Gammaproteobacteria","Pasteurellales","Pasteurellaceae","Haemophilus",0,0,-1.95996398454005
"Bacteria","Proteobacteria","Epsilonproteobacteria","Campylobacterales","Helicobacteraceae","Helicobacter",0,0,0
"Bacteria","Firmicutes","Clostridia","Clostridiales","Lachnospiraceae","Hespellia",1.95996398454005,0,0
"Bacteria","Firmicutes","Erysipelotrichi","Erysipelotrichales","Erysipelotrichaceae","Holdemania",0,0,0
"Bacteria","Firmicutes","Clostridia","Clostridiales","Lachnospiraceae","Hungatella",1.95996398454005,0,0
"Bacteria","Firmicutes","Clostridia","Clostridiales","Lachnospiraceae","Lachnobacterium",1.95996398454005,0,0
"Bacteria","Firmicutes","Clostridia","Clostridiales","Lachnospiraceae","Lachnospira",1.95996398454005,0,0
"Bacteria","Firmicutes","Clostridia","Clostridiales","Lachnospiraceae","Lachnospiraceae",1.95996398454005,0,0
"Bacteria","Firmicutes","Clostridia","Clostridiales","Lachnospiraceae","Lacrimispora",1.95996398454005,0,0
"Bacteria","Firmicutes","Bacilli","Lactobacillales","Lactobacillaceae","Lactobacillus",0,0,0
"Bacteria","Firmicutes","Bacilli","Lactobacillales","Streptococcaceae","Lactococcus",0,0,0
"Bacteria","Firmicutes","Clostridia","Clostridiales","Lachnospiraceae","Lactonifactor",1.95996398454005,0,0
"Bacteria","Fusobacteria","Fusobacteriia","Fusobacteriales","Leptotrichiaceae","Leptotrichia",0,0,0
"Bacteria","Firmicutes","Bacilli","Lactobacillales","Leuconostocaceae","Leuconostoc",1.95996398454005,0,0
"Bacteria","Firmicutes","Bacilli","Lactobacillales","Leuconostocaceae","Leuconostocaceae",1.95996398454005,0,0
"Bacteria","Proteobacteria","Alphaproteobacteria","Rickettsiales","mitochondria","Lupinus",0,0,0
"Bacteria","Bacteroidetes","Bacteroidia","Bacteroidales","Porphyromonadaceae","Macellibacteroides",0,0,0
"Bacteria","Firmicutes","Clostridia","Clostridiales","Veillonellaceae","Megasphaera",0,0,-1.95996398454005
"Archaea","Euryarchaeota","Methanobacteria","Methanobacteriales","Methanobacteriaceae","Methanobrevibacter",0,0,0
"Archaea","Euryarchaeota","Thermoplasmata","E2","Methanomassiliicoccaceae","Methanomassiliicoccus",0,0,0
"Archaea","Euryarchaeota","Methanobacteria","Methanobacteriales","Methanobacteriaceae","Methanosphaera",0,0,0
"Bacteria","Firmicutes","Clostridia","Clostridiales","Veillonellaceae","Mitsuokella",0,0,0
"Bacteria","Actinobacteria","Actinobacteria","Actinomycetales","Actinomycetaceae","Mobiluncus",0,0,0
"Bacteria","Firmicutes","Clostridia","Clostridiales","Mogibacteriaceae","Mogibacteriaceae",0,0,0
"Bacteria","Firmicutes","Clostridia","Clostridiales","Mogibacteriaceae","Mogibacterium",0,0,0
"Bacteria","Firmicutes","Clostridia","Clostridiales","Lachnospiraceae","Moryella",1.95996398454005,0,0
"Bacteria","Deferribacteres","Deferribacteres","Deferribacterales","Deferribacteraceae","Mucispirillum",1.95996398454005,0,0
"Bacteria","Proteobacteria","Betaproteobacteria","Neisseriales","Neisseriaceae","Neisseria",0,0,0
"Bacteria","Proteobacteria","Alphaproteobacteria","Rickettsiales","mitochondria","Nicotiana",0,0,0
"Bacteria","Proteobacteria","Alphaproteobacteria","Rhizobiales","Brucellaceae","Ochrobactrum",0,0,0
"Bacteria","Bacteroidetes","Bacteroidia","Bacteroidales","Odoribacteraceae","Odoribacter",-1.96859166918659,0,0
"Bacteria","Actinobacteria","Coriobacteriia","Coriobacteriales","Coriobacteriaceae","Olsenella",1.95996398454005,0,0
"Bacteria","Firmicutes","Clostridia","Clostridiales","Lachnospiraceae","Oribacterium",1.95996398454005,0,0
"Bacteria","Firmicutes","Clostridia","Clostridiales","Ruminococcaceae","Oscillospira",-1.95996398454005,0,0
"Bacteria","Proteobacteria","Betaproteobacteria","Burkholderiales","Oxalobacteraceae","Oxalobacter",0,0,0
"Bacteria","Proteobacteria","Gammaproteobacteria","Enterobacteriales","Enterobacteriaceae","Pantoea",-2.05374891063182,0,0
"Bacteria","Firmicutes","Clostridia","Clostridiales","Ruminococcaceae","Papillibacter",1.95996398454005,0,0
"Bacteria","Bacteroidetes","Bacteroidia","Bacteroidales","Porphyromonadaceae","Parabacteroides",0,1.95996398454005,0
"Bacteria","Bacteroidetes","Bacteroidia","Bacteroidales","Paraprevotellaceae","Paraprevotella",0,0,0
"Bacteria","Bacteroidetes","Bacteroidia","Bacteroidales","Paraprevotellaceae","Paraprevotellaceae",0,0,0
"Bacteria","Firmicutes","Clostridia","Clostridiales","Tissierellaceae","Parvimonas",0,0,0
"Bacteria","Firmicutes","Clostridia","Clostridiales","Peptococcaceae","Peptococcaceae",0,0,0
"Bacteria","Firmicutes","Clostridia","Clostridiales","Tissierellaceae","Peptoniphilus",0,0,0
"Bacteria","Firmicutes","Clostridia","Clostridiales","Peptostreptococcaceae","Peptostreptococcaceae",0,0,0
"Bacteria","Firmicutes","Clostridia","Clostridiales","Peptostreptococcaceae","Peptostreptococcus",0,0,0
"Bacteria","Firmicutes","Clostridia","Clostridiales","Veillonellaceae","Phascolarctobacterium",0,0,0
"Bacteria","Proteobacteria","Alphaproteobacteria","Rickettsiales","mitochondria","Phytophthora",0,0,0
"Bacteria","Proteobacteria","Alphaproteobacteria","Rickettsiales","mitochondria","Plantago",0,0,0
"Bacteria","Bacteroidetes","Bacteroidia","Bacteroidales","Porphyromonadaceae","Porphyromonas",0,0,0
"Bacteria","Bacteroidetes","Bacteroidia","Bacteroidales","Prevotellaceae","Prevotella",1.95996398454005,0,0
"Bacteria","Bacteroidetes","Bacteroidia","Bacteroidales","Paraprevotellaceae","Prevotella",0,0,0
"Bacteria","Bacteroidetes","Bacteroidia","Bacteroidales","Prevotellaceae","Prevotellaceae",1.95996398454005,0,0
"Bacteria","Firmicutes","Clostridia","Clostridiales","Peptostreptococcaceae","Proteocatella",0,0,0
"Bacteria","Proteobacteria","Gammaproteobacteria","Enterobacteriales","Enterobacteriaceae","Proteus",-2.05374891063182,0,0
"Bacteria","Proteobacteria","Gammaproteobacteria","Enterobacteriales","Enterobacteriaceae","Providencia",-2.05374891063182,0,0
"Bacteria","Firmicutes","Clostridia","Clostridiales","Ruminococcaceae","Pseudobacteroides",1.95996398454005,0,0
"Bacteria","Firmicutes","Clostridia","Clostridiales","Lachnospiraceae","Pseudobutyrivibrio",1.95996398454005,0,0
"Bacteria","Proteobacteria","Gammaproteobacteria","Pseudomonadales","Pseudomonadaceae","Pseudomonas",0,0,0
"Bacteria","Firmicutes","Clostridia","Clostridiales","Eubacteriaceae","Pseudoramibacter_Eubacterium",0,0,0
"Bacteria","Firmicutes","Erysipelotrichi","Erysipelotrichales","Erysipelotrichaceae","RFN20",0,0,0
"Bacteria","Bacteroidetes","Bacteroidia","Bacteroidales","Rikenellaceae","Rikenellaceae",0,0,0
"Bacteria","Firmicutes","Clostridia","Clostridiales","Lachnospiraceae","Roseburia",1.95996398454005,0,0
"Bacteria","Proteobacteria","Alphaproteobacteria","Rhodospirillales","Acetobacteraceae","Roseomonas",0,0,1.95996398454005
"Bacteria","Actinobacteria","Actinobacteria","Actinomycetales","Micrococcaceae","Rothia",0,0,0
"Bacteria","Firmicutes","Clostridia","Clostridiales","Ruminococcaceae","Ruminiclostridium",1.95996398454005,0,0
"Bacteria","Firmicutes","Clostridia","Clostridiales","Ruminococcaceae","Ruminococcaceae",1.95996398454005,0,0
"Bacteria","Firmicutes","Clostridia","Clostridiales","Ruminococcaceae","Ruminococcus",1.95996398454005,0,0
"Bacteria","Firmicutes","Clostridia","Clostridiales","Lachnospiraceae","Ruminococcus",1.95996398454005,0,0
"Bacteria","Firmicutes","Bacilli","Bacillales","Planococcaceae","Rummeliibacillus",0,0,0
"Bacteria","Bacteroidetes","Bacteroidia","Bacteroidales","S24-7","S24-7",0,0,0
"Bacteria","Firmicutes","Clostridia","Clostridiales","Clostridiaceae","SMB53",0,0,0
"Bacteria","Firmicutes","Clostridia","Clostridiales","Clostridiaceae","Sarcina",0,0,0
"Bacteria","Actinobacteria","Actinobacteria","Bifidobacteriales","Bifidobacteriaceae","Scardovia",0,0,0
"Bacteria","Firmicutes","Clostridia","Clostridiales","Veillonellaceae","Selenomonas",0,0,0
"Bacteria","Proteobacteria","Gammaproteobacteria","Enterobacteriales","Enterobacteriaceae","Serratia",-2.05374891063182,0,0
"Bacteria","Proteobacteria","Gammaproteobacteria","Enterobacteriales","Enterobacteriaceae","Shigella",-2.05374891063182,0,0
"Bacteria","Firmicutes","Clostridia","Clostridiales","Lachnospiraceae","Shuttleworthia",1.95996398454005,0,0
"Bacteria","Proteobacteria","Alphaproteobacteria","Rickettsiales","mitochondria","Silene",0,0,0
"Bacteria","Actinobacteria","Coriobacteriia","Coriobacteriales","Coriobacteriaceae","Slackia",1.95996398454005,0,0
"Bacteria","Firmicutes","Clostridia","Clostridiales","Ruminococcaceae","Sporobacter",1.95996398454005,0,0
"Bacteria","Firmicutes","Bacilli","Bacillales","Staphylococcaceae","Staphylococcus",0,0,0
"Bacteria","Firmicutes","Bacilli","Lactobacillales","Streptococcaceae","Streptococcus",-1.95996398454005,0,0
"Bacteria","Firmicutes","Clostridia","Clostridiales","Ruminococcaceae","Subdoligranulum",1.95996398454005,0,0
"Bacteria","Proteobacteria","Gammaproteobacteria","Aeromonadales","Succinivibrionaceae","Succinivibrio",0,0,0
"Bacteria","Proteobacteria","Betaproteobacteria","Burkholderiales","Alcaligenaceae","Sutterella",0,0,0
"Bacteria","Synergistetes","Synergistia","Synergistales","Synergistaceae","Synergistes",0,0,0
"Bacteria","Firmicutes","Bacilli","Bacillales","Thermoactinomycetaceae","Trigonala",0,0,0
"Bacteria","Firmicutes","Bacilli","Turicibacterales","Turicibacteraceae","Turicibacter",0,0,0
"Bacteria","Firmicutes","Clostridia","Clostridiales","Veillonellaceae","Veillonella",-1.95996398454005,0,0
"Bacteria","Firmicutes","Clostridia","Clostridiales","Veillonellaceae","Veillonellaceae",0,0,0
"Bacteria","Lentisphaerae","Lentisphaeria","Victivallales","Victivallaceae","Victivallaceae",0,0,0
"Bacteria","Lentisphaerae","Lentisphaeria","Victivallales","Victivallaceae","Victivallis",0,0,0
"Bacteria","Firmicutes","Clostridia","Clostridiales","Tissierellaceae","WAL_1855D",0,0,0
"Bacteria","Bacteroidetes","Flavobacteriia","Flavobacteriales","Weeksellaceae","Weeksellaceae",0,0,0
"Bacteria","Firmicutes","Erysipelotrichi","Erysipelotrichales","Erysipelotrichaceae","cc_115",0,0,0
"Bacteria","Bacteroidetes","Bacteroidia","Bacteroidales","Rikenellaceae","human",0,0,0
"Bacteria","Firmicutes","Clostridia","Clostridiales","Tissierellaceae","ph2",0,0,0
"Bacteria","Firmicutes","Clostridia","Clostridiales","Peptococcaceae","rc4-4",0,0,0
"Bacteria","Firmicutes","Clostridia","Clostridiales","unclassified Clostridiales","unclassified Clostridiales",0,0,0
"Bacteria","Tenericutes","RF3","ML615J-28","unclassified ML615J-28","unclassified ML615J-28",0,0,0
"Bacteria","Proteobacteria","Alphaproteobacteria","RF32","unclassified RF32","unclassified RF32",0,0,0
"Bacteria","Tenericutes","Mollicutes","RF39","unclassified RF39","unclassified RF39",0,0,0
"Bacteria","Firmicutes","Clostridia","SHA-98","unclassified SHA-98","unclassified SHA-98",0,0,0
"Bacteria","Bacteroidetes","Sphingobacteriia","Sphingobacteriales","unclassified Sphingobacteriales","unclassified Sphingobacteriales",0,0,0
"Bacteria","Cyanobacteria","Chloroplast","Streptophyta","unclassified Streptophyta","unclassified Streptophyta",0,0,0
"Bacteria","Cyanobacteria","4C0d-2","YS2","unclassified YS2","unclassified YS2",0,0,0
"Archaea","Euryarchaeota","Thermoplasmata","E2","Methanomassiliicoccaceae","vadinCA11",0,0,0
